Summary of Import Updates from variantcentrifuge.pipeline to variantcentrifuge.pipeline_core
=========================================================================================

Files Updated:
--------------

1. Main Module:
   - variantcentrifuge/pipeline_refactored.py

2. Stage Modules:
   - variantcentrifuge/stages/analysis_stages.py
   - variantcentrifuge/stages/output_stages.py
   - variantcentrifuge/stages/processing_stages.py
   - variantcentrifuge/stages/setup_stages.py

3. Unit Tests:
   - tests/unit/pipeline/test_context.py
   - tests/unit/pipeline/test_runner.py
   - tests/unit/pipeline/test_stage.py
   - tests/unit/pipeline/test_workspace.py
   - tests/unit/stages/test_processing_stages.py

4. Integration Tests:
   - tests/integration/test_basic_pipeline.py

5. Other Tests:
   - tests/test_archive_results.py
   - tests/test_checkpoint_resume.py
   - tests/test_chunked_processing.py
   - tests/test_chunked_integration.py
   - tests/test_pipeline_integration.py
   - tests/test_final_filter_integration.py
   - tests/test_sort_tsv_by_gene.py

6. Test Support:
   - tests/mocks/fixtures.py
   - tests/regression/test_pipeline_regression.py

7. Feature Flag Test:
   - test_feature_flag.py (partial update - only the new pipeline imports)

Changes Made:
-------------
- All imports changed from:
  - `from variantcentrifuge.pipeline import ...` → `from variantcentrifuge.pipeline_core import ...`
  - `from .pipeline import ...` → `from .pipeline_core import ...`
  - `from ..pipeline import ...` → `from ..pipeline_core import ...`
  - `@patch('variantcentrifuge.pipeline.xxx')` → `@patch('variantcentrifuge.pipeline_core.xxx')`
  - `monkeypatch.setattr("variantcentrifuge.pipeline.xxx", ...)` → `monkeypatch.setattr("variantcentrifuge.pipeline_core.xxx", ...)`

Note: The test_feature_flag.py file contains some imports that reference the old pipeline module,
but these are intentional as they are testing the old vs new pipeline functionality.

Total files updated: 21